{
    "id": "FFFF01",
    "name": {
        "en": "Testino",
        "ko": "테스트이노"
    },
    "platform": ["win32", "darwin"],
    "icon": "testino.png",
    "module": "testino.js",
    "url": "http://playentry.org",
    "driver": {
        "win32-ia32": "arduino/dpinst-x86.exe",
        "win32-x64": "arduino/dpinst-amd64.exe"
    },
    "reconnect": true,
    "firmware": "arduino_ext",
    "entry": {
        "protocol": "json"
    },
    "hardware": {
        "type": "serial",
        "control": "slave",
        "duration": 32,
        "vendor": ["Arduino", "wch.cn", "FTDI"],
        "baudRate": 115200,
        "firmwarecheck": false
    }
}
